Date,Portfolio Value,Weekly Return (%),Cumulative Return (%),Total Investment,Scenario
2020-01-13,200.0,0.0,0.0,200.0,Max Min Vol
2020-01-20,398.020878789289,99.0104393946445,-0.4947803026777536,400.0,Max Min Vol
2020-01-27,589.5168761467385,48.11204827745402,-1.747187308876922,600.0,Max Min Vol
2020-02-03,808.2277368372347,37.10001690198539,1.0284671046543394,800.0,Max Min Vol
2020-02-10,1022.5516887201626,26.517767470047815,2.2551688720162586,1000.0,Max Min Vol
2020-02-17,1211.7722688040164,18.504744764607892,0.9810224003347041,1200.0,Max Min Vol
2020-02-24,1273.0416033917222,5.056175666420952,-9.068456900591269,1400.0,Max Min Vol
2020-03-02,1474.3105251788897,15.81008203117113,-7.855592176319391,1600.0,Max Min Vol
2020-03-09,1530.7857831532199,3.8306216370175847,-14.956345380376673,1800.0,Max Min Vol
2020-03-16,1497.2209014039731,-2.192657007834725,-25.138954929801343,2000.0,Max Min Vol
2020-03-23,1849.8157467706906,23.5499547886409,-15.917466055877702,2200.0,Max Min Vol
2020-03-30,2007.0113909660886,8.497908208956582,-16.374525376412976,2400.0,Max Min Vol
2020-04-06,2466.9568695149146,22.916934134959153,-5.1170434801955915,2600.0,Max Min Vol
2020-04-13,2733.8694963134444,10.819509254371912,-2.3618037030912706,2800.0,Max Min Vol
2020-04-20,2905.030661272171,6.260765745750968,-3.1656446242609646,3000.0,Max Min Vol
2020-04-27,3108.7226060983126,7.0116969001952185,-2.8524185594277327,3200.0,Max Min Vol
2020-05-04,3432.800307197853,10.424786710264987,0.9647149175839065,3400.0,Max Min Vol
2020-05-11,3548.0678280552256,3.3578277366056306,-1.4425603317992883,3600.0,Max Min Vol
2020-05-18,3882.017327075601,9.412150928451116,2.158350712515812,3800.0,Max Min Vol
2020-05-25,4197.755239105469,8.133346284358792,4.943880977636718,4000.0,Max Min Vol
2020-06-01,4621.4206056369085,10.09266482677827,10.033823943735916,4200.0,Max Min Vol
2020-06-08,4595.058357184285,-0.5704360347653312,4.433144481461031,4400.0,Max Min Vol
2020-06-15,4887.873497116807,6.372392191161419,6.25811950253928,4600.0,Max Min Vol
2020-06-22,4930.421911245208,0.8704892660069723,2.71712315094184,4800.0,Max Min Vol
2020-06-29,5349.975774933354,8.509492113265916,6.999515498667079,5000.0,Max Min Vol
2020-07-06,5647.4514754587,5.560318645163429,8.604836066513458,5200.0,Max Min Vol
2020-07-13,5926.048247407645,4.933141491513517,9.74163421125269,5400.0,Max Min Vol
2020-07-20,6107.891506880119,3.068541663527986,9.069491194287838,5600.0,Max Min Vol
2020-07-27,6414.1388984942305,5.01396253140949,10.588601698176388,5800.0,Max Min Vol
2020-08-03,6779.9948660662,5.703898424430088,12.999914434436672,6000.0,Max Min Vol
2020-08-10,7027.112174247123,3.6448008156723293,13.340518939469728,6200.0,Max Min Vol
2020-08-17,7278.074978448255,3.571350477666449,13.719921538253985,6400.0,Max Min Vol
2020-08-24,7708.81487353621,5.9183217590290935,16.800225356609243,6600.0,Max Min Vol
2020-08-31,7725.293293086626,0.21376073781438718,13.607254310097447,6800.0,Max Min Vol
2020-09-07,7732.437338816196,0.09247604535561886,10.463390554517083,7000.0,Max Min Vol
2020-09-14,7931.066105019268,2.568773046578376,10.153695903045396,7200.0,Max Min Vol
2020-09-21,8031.160830729384,1.2620589008427134,8.529200415261942,7400.0,Max Min Vol
2020-09-28,8429.7719403983,4.963306277514978,10.91805184734604,7600.0,Max Min Vol
2020-10-05,8972.622980688284,6.439688334727778,15.0336279575421,7800.0,Max Min Vol
2020-10-12,9184.260364957207,2.358701404532748,14.803254561965081,8000.0,Max Min Vol
2020-10-19,9347.535129207641,1.7777671555720902,13.994330843995623,8200.0,Max Min Vol
2020-10-26,9026.87689452513,-3.430404168052502,7.462820172918219,8400.0,Max Min Vol
2020-11-02,9890.148221489362,9.563344410820672,15.00172350569026,8600.0,Max Min Vol
2020-11-09,10314.147390258731,4.287086090864661,17.206220343849218,8800.0,Max Min Vol
2020-11-16,10509.07942358954,1.889948106761716,16.767549150994878,9000.0,Max Min Vol
2020-11-23,10992.988605560548,4.604677179285431,19.48900658217986,9200.0,Max Min Vol
2020-11-30,11387.517352714915,3.5889125451726915,21.14380162462675,9400.0,Max Min Vol
2020-12-07,11508.434373226784,1.0618382986089752,19.879524721112336,9600.0,Max Min Vol
2020-12-14,11907.522900678561,3.467791660525225,21.50533572120981,9800.0,Max Min Vol
2020-12-21,12067.517804414785,1.3436455681903956,20.675178044147852,10000.0,Max Min Vol
2020-12-28,12430.904825217693,3.011282242898087,21.871615933506792,10200.0,Max Min Vol
2021-01-04,12925.33082828684,3.9773935205918454,24.282027195065773,10400.0,Max Min Vol
2021-01-11,12983.264879067761,0.44822102854136264,22.48363093460152,10600.0,Max Min Vol
2021-01-18,13435.60133664957,3.483996219711169,24.40371608008861,10800.0,Max Min Vol
2021-01-25,13174.126841848283,-1.9461316858817315,19.764789471348028,11000.0,Max Min Vol
2021-02-01,14061.389770437965,6.734889827925795,25.548122950338975,11200.0,Max Min Vol
2021-02-08,14494.241944896079,3.078302938221106,27.142473200842797,11400.0,Max Min Vol
2021-02-15,14588.064013155941,0.6473057964435326,25.759172527206392,11600.0,Max Min Vol
2021-02-22,14370.897759674712,-1.4886571191721023,21.787269149785693,11800.0,Max Min Vol
2021-03-01,14619.019253547991,1.726555278748956,21.82516044623326,12000.0,Max Min Vol
2021-03-08,15303.290207873279,4.680689877053259,25.436804982567857,12200.0,Max Min Vol
2021-03-15,15345.38406720501,0.2750641120958085,23.753097316169438,12400.0,Max Min Vol
2021-03-22,15635.844033542948,1.8928165307943425,24.09400026621387,12600.0,Max Min Vol
2021-03-29,16101.45837890422,2.977865117881768,25.792643585189225,12800.0,Max Min Vol
2021-04-05,16675.375045730398,3.5643769236338865,28.272115736387676,13000.0,Max Min Vol
2021-04-12,17109.768084464602,2.6049971142653687,29.619455185337895,13200.0,Max Min Vol
2021-04-19,17314.496172539108,1.1965567684134508,29.21265800402319,13400.0,Max Min Vol
2021-04-26,17505.726286550966,1.104450930054494,28.718575636404157,13600.0,Max Min Vol
2021-05-03,17838.771462535922,1.9024927645579806,29.266459873448714,13800.0,Max Min Vol
2021-05-10,17777.00028541184,-0.346274838790393,26.978573467227424,14000.0,Max Min Vol
2021-05-17,17929.991196551622,0.8606115130983614,26.267543637687478,14200.0,Max Min Vol
2021-05-24,18390.219911037315,2.566809483845179,27.709860493314686,14400.0,Max Min Vol
2021-05-31,18699.841045993795,1.6836184474915052,28.08110305475202,14600.0,Max Min Vol
2021-06-07,19038.77552933884,1.8124992747874584,28.640375198235407,14800.0,Max Min Vol
2021-06-14,18870.95252583724,-0.8814800260814177,25.806350172248276,15000.0,Max Min Vol
2021-06-21,19575.920832854656,3.735732502385367,28.788952847727998,15200.0,Max Min Vol
2021-06-28,20075.91305369596,2.5541185270945603,30.363071777246493,15400.0,Max Min Vol
2021-07-05,20330.275930550277,1.2670052723080942,30.322281606091515,15600.0,Max Min Vol
2021-07-12,20216.159146705944,-0.5613144860117192,27.950374346240153,15800.0,Max Min Vol
2021-07-19,20877.04337354342,3.2690889601804565,30.481521084646374,16000.0,Max Min Vol
2021-07-26,21006.36804970012,0.6194587702997564,29.668938578395792,16200.0,Max Min Vol
2021-08-02,21408.381286808282,1.9137684161156199,30.538910285416353,16400.0,Max Min Vol
2021-08-09,21728.11202494713,1.4934839484378264,30.892241114139345,16600.0,Max Min Vol
2021-08-16,21735.517595050693,0.034082897285593085,29.37808092292079,16800.0,Max Min Vol
2021-08-23,22375.731908514506,2.9454753523311274,31.62195240302651,17000.0,Max Min Vol
2021-08-30,22725.71993396221,1.56414112789099,32.1262786858268,17200.0,Max Min Vol
2021-09-06,22517.35668878289,-0.9168609213912463,29.41009591254534,17400.0,Max Min Vol
2021-09-13,22615.572820639813,0.43617966893001286,28.49757284454439,17600.0,Max Min Vol
2021-09-20,22874.820781259383,1.146324980028677,28.510229108198782,17800.0,Max Min Vol
2021-09-27,22695.358169630068,-0.7845421537743492,26.08532316461149,18000.0,Max Min Vol
2021-10-04,23023.390785958323,1.445373163430459,26.50214717559518,18200.0,Max Min Vol
2021-10-11,23664.766219862602,2.7857557553835455,28.61285989055762,18400.0,Max Min Vol
2021-10-18,24237.069578769482,2.4183774037308146,30.30682569230904,18600.0,Max Min Vol
2021-10-25,24700.788546539745,1.9132633434219226,31.38717311989226,18800.0,Max Min Vol
2021-11-01,25469.01635848834,3.110134765540572,34.04745451835969,19000.0,Max Min Vol
2021-11-08,25604.914195368216,0.5335810184698484,33.35892810087612,19200.0,Max Min Vol
2021-11-15,25776.317906761815,0.6694172457902835,32.86761807609183,19400.0,Max Min Vol
2021-11-22,25390.30122068128,-1.4975633349838309,29.542353166741215,19600.0,Max Min Vol
2021-11-29,25073.86456617058,-1.2462894857385474,26.635679627124148,19800.0,Max Min Vol
2021-12-06,26178.385127354737,4.405067109895633,30.89192563677369,20000.0,Max Min Vol
2021-12-13,25931.386251276825,-0.943522203055277,28.373199263746656,20200.0,Max Min Vol
2021-12-20,26707.416612276767,2.9926296784913773,30.918708883709645,20400.0,Max Min Vol
2021-12-27,26992.868340232824,1.0688107056556022,31.033341457440894,20600.0,Max Min Vol
2022-01-03,26691.531679486445,-1.1163565759228251,28.324671535992525,20800.0,Max Min Vol
2022-01-10,26768.309557255896,0.2876488269440834,27.468140748837598,21000.0,Max Min Vol
2022-01-17,25361.207806744194,-5.256595480943579,19.628338711057523,21200.0,Max Min Vol
2022-01-24,25696.674337865556,1.3227545536382224,20.077917466661475,21400.0,Max Min Vol
2022-01-31,26357.175290862877,2.5703752334364705,22.023959679920726,21600.0,Max Min Vol
2022-02-07,26192.25207732907,-0.6257241594131648,20.14794530884895,21800.0,Max Min Vol
2022-02-14,25972.8290129633,-0.8377403505355522,18.058313695287723,22000.0,Max Min Vol
2022-02-21,26414.363524176704,1.6999862086376156,18.983619478273443,22200.0,Max Min Vol
2022-02-28,26202.774419438254,-0.8010380584971719,16.97667151534935,22400.0,Max Min Vol
2022-03-07,25685.0702093664,-1.9757610464630804,13.650753138789382,22600.0,Max Min Vol
2022-03-14,27483.192931866044,7.000653328344551,20.540319876605455,22800.0,Max Min Vol
2022-03-21,28038.355216034295,2.020006501953981,21.90589224362737,23000.0,Max Min Vol
2022-03-28,28386.217616636706,1.240666215696843,22.35438627860649,23200.0,Max Min Vol
2022-04-04,28103.143397795302,-0.9972241552728004,20.098903409381634,23400.0,Max Min Vol
2022-04-11,27800.343128507757,-1.0774604997080148,17.79806410384643,23600.0,Max Min Vol
2022-04-18,27187.75785232856,-2.2035169614544228,14.234276690456133,23800.0,Max Min Vol
2022-04-25,26456.200497434675,-2.690760153402016,10.234168739311144,24000.0,Max Min Vol
2022-05-02,26537.271120307494,0.3064333553137402,9.658145125237578,24200.0,Max Min Vol
2022-05-09,26086.56461160359,-1.698390564201622,6.912150047555694,24400.0,Max Min Vol
2022-05-16,25562.01255929918,-2.0108130760578726,3.9106201597527606,24600.0,Max Min Vol
2022-05-23,27430.630774764548,7.310137302884573,10.60738215630866,24800.0,Max Min Vol
2022-05-30,27336.642592502445,-0.34263952234218914,9.346570370009779,25000.0,Max Min Vol
2022-06-06,26154.141079516223,-4.325701332871594,3.7862741250643763,25200.0,Max Min Vol
2022-06-13,24785.669240322062,-5.232333323558999,-2.418625038102117,25400.0,Max Min Vol
2022-06-20,26534.521395986063,7.055900483086074,3.6504742030705586,25600.0,Max Min Vol
2022-06-27,26215.479668347038,-1.2023647341432262,1.6103863114226267,25800.0,Max Min Vol
2022-07-04,26968.3698511064,2.871929837959107,3.7244994273323053,26000.0,Max Min Vol
2022-07-11,26874.616575545595,-0.34764161155613255,2.5748724257465456,26200.0,Max Min Vol
2022-07-18,27827.064686990896,3.544043535534478,5.405548056783696,26400.0,Max Min Vol
2022-07-25,29201.175482519386,4.938037162686743,9.778855197441299,26600.0,Max Min Vol
2022-08-01,29603.634024832856,1.3782271968962105,10.4613209881823,26800.0,Max Min Vol
2022-08-08,30838.509972132004,4.171366077094719,14.216703600488904,27000.0,Max Min Vol
2022-08-15,30586.562940696705,-0.8169883423776851,12.450599046679065,27200.0,Max Min Vol
2022-08-22,29628.323652507257,-3.1328766492899103,8.132568074844004,27400.0,Max Min Vol
2022-08-29,28801.794251597275,-2.7896596871420964,4.354326998540853,27600.0,Max Min Vol
2022-09-05,30135.06272285844,4.629116018309264,8.399506197332524,27800.0,Max Min Vol
2022-09-12,28887.637429584665,-4.139448139683356,3.1701336770880904,28000.0,Max Min Vol
2022-09-19,27548.484840053796,-4.635729013129349,-2.3103374466177455,28200.0,Max Min Vol
2022-09-26,27146.252257958287,-1.4600896725568264,-4.414604725498989,28400.0,Max Min Vol
2022-10-03,27789.437635968497,2.369333976190587,-2.8341341399702884,28600.0,Max Min Vol
2022-10-10,27535.425494251205,-0.9140600290108735,-4.390883700516649,28800.0,Max Min Vol
2022-10-17,28973.92122623914,5.224163804144818,-0.08992680607192723,29000.0,Max Min Vol
2022-10-24,30379.302329495116,4.850503638365817,4.038706607859988,29200.0,Max Min Vol
2022-10-31,29591.49181451422,-2.5932475553133973,0.6513327024293138,29400.0,Max Min Vol
2022-11-07,31548.753118774915,6.6142704684482565,6.583625401266606,29600.0,Max Min Vol
2022-11-14,31474.503237599398,-0.23534965358529797,5.619138381206033,29800.0,Max Min Vol
2022-11-21,32169.408419072868,2.2078352634437692,7.231361396909561,30000.0,Max Min Vol
2022-11-28,32760.47792832571,1.8373651810842817,8.478403736177844,30200.0,Max Min Vol
2022-12-05,31789.71156353668,-2.96322406197156,4.5714196168969705,30400.0,Max Min Vol
2022-12-12,31341.63636659762,-1.409497522629328,2.423648256854969,30600.0,Max Min Vol
2022-12-19,31335.06737866997,-0.02095930107418227,1.7372317489284737,30800.0,Max Min Vol
2022-12-26,31648.306113976545,0.999642769301333,2.091310045085629,31000.0,Max Min Vol
2023-01-02,32320.071955962605,2.1225965129596442,3.589974217828862,31200.0,Max Min Vol
2023-01-09,33519.45625663419,3.710958014901069,6.749860689917808,31400.0,Max Min Vol
2023-01-16,33504.9763177997,-0.043198608961996565,6.028406068986396,31600.0,Max Min Vol
2023-01-23,34578.16917092521,3.203084947579477,8.73638104064532,31800.0,Max Min Vol
2023-01-30,35439.416111557046,2.490724527300905,10.748175348615769,32000.0,Max Min Vol
2023-02-06,35156.86546610605,-0.7972779364128806,9.182812006540528,32200.0,Max Min Vol
2023-02-13,35368.86988449889,0.6030242331962986,9.163178655860772,32400.0,Max Min Vol
2023-02-20,34603.065866568104,-2.1651922168607802,6.1443738238285395,32600.0,Max Min Vol
2023-02-27,35512.551711074666,2.628338910816759,8.269974728886178,32800.0,Max Min Vol
2023-03-06,33913.984405894014,-4.501414931223134,2.7696497148303463,33000.0,Max Min Vol
2023-03-13,34452.66514051871,1.5883734809144818,3.7730877726467096,33200.0,Max Min Vol
2023-03-20,34959.79136443485,1.4719506367585156,4.670034025254047,33400.0,Max Min Vol
2023-03-27,36578.42738364535,4.629993361050668,8.86436721323021,33600.0,Max Min Vol
2023-04-03,36617.12794015267,0.1058015865510474,8.334698047788965,33800.0,Max Min Vol
2023-04-10,37155.909157778246,1.4713912530391897,9.28208575817131,34000.0,Max Min Vol
2023-04-17,37341.41485694209,0.49926297961412497,9.185423558310195,34200.0,Max Min Vol
2023-04-24,37778.21483358714,1.1697467230914183,9.820391958102148,34400.0,Max Min Vol
2023-05-01,37683.3858025203,-0.25101511938708465,8.911519660463298,34600.0,Max Min Vol
2023-05-08,37796.85800176726,0.30111996793920676,8.611660924618555,34800.0,Max Min Vol
2023-05-15,38639.085486662625,2.228300259391899,10.397387104750356,35000.0,Max Min Vol
2023-05-22,38963.73337887102,0.8402059420388016,10.692424371792661,35200.0,Max Min Vol
2023-05-29,39977.190099599036,2.6010257047842082,12.929915535590498,35400.0,Max Min Vol
2023-06-05,40406.47736648197,1.0738305163854986,13.501340917084196,35600.0,Max Min Vol
2023-06-12,41613.19383265909,2.9864431270074374,16.237971599606396,35800.0,Max Min Vol
2023-06-19,40993.3079905197,-1.4896377447791251,13.870299973665837,36000.0,Max Min Vol
2023-06-26,42372.055219541886,3.363347084214429,17.04987629707703,36200.0,Max Min Vol
2023-07-03,42141.180191217005,-0.5448756901893256,15.77247305279397,36400.0,Max Min Vol
2023-07-10,43483.4194025675,3.1851011415912946,18.807156837616127,36600.0,Max Min Vol
2023-07-17,43988.2600015573,1.160995629888265,19.53331522162309,36800.0,Max Min Vol
2023-07-24,44605.67624654778,1.4035932427621034,20.555881747426433,37000.0,Max Min Vol
2023-07-31,43873.03639987425,-1.642481200428467,17.93826989213507,37200.0,Max Min Vol
2023-08-07,43856.53002547478,-0.037623049950370156,17.263449265975343,37400.0,Max Min Vol
2023-08-14,43109.39716898608,-1.7035840638890414,14.652652045175737,37600.0,Max Min Vol
2023-08-21,43623.265479101916,1.1920099650234208,15.405464230428349,37800.0,Max Min Vol
2023-08-28,45038.63293319876,3.244524311860344,18.522718245259888,38000.0,Max Min Vol
2023-09-04,44585.14212769499,-1.0068929183005704,16.71503174789265,38200.0,Max Min Vol
2023-09-11,44706.61430882909,0.2724499134402121,16.42347476257576,38400.0,Max Min Vol
2023-09-18,43411.87547893036,-2.89607891341268,12.465998650078644,38600.0,Max Min Vol
2023-09-25,43520.122031806684,0.2493477917784604,12.165262968573929,38800.0,Max Min Vol
2023-10-02,43832.81292671261,0.7184972842617462,12.391828017211829,39000.0,Max Min Vol
2023-10-09,44150.1310695882,0.7239283123493199,12.627885381602546,39200.0,Max Min Vol
2023-10-16,43303.90626907876,-1.9166982747472285,9.90839154588518,39400.0,Max Min Vol
2023-10-23,42392.59208704179,-2.1044618385563445,7.052000219802501,39600.0,Max Min Vol
2023-10-30,45157.60418167493,6.522394499859617,13.461317039384241,39800.0,Max Min Vol
2023-11-06,45787.35798173568,1.3945686700454063,14.4683949543392,40000.0,Max Min Vol
2023-11-13,47176.99647364763,3.0349829148610645,17.35571262101401,40200.0,Max Min Vol
2023-11-20,47856.992588204084,1.441372205490631,18.457902446049715,40400.0,Max Min Vol
2023-11-27,48649.414904195786,1.6558130236270219,19.826145084226074,40600.0,Max Min Vol
2023-12-04,48994.40504247199,0.7091352258924082,20.08432608449017,40800.0,Max Min Vol
2023-12-11,50577.41887565831,3.23100940161238,23.359558233312953,41000.0,Max Min Vol
2023-12-18,51061.13823585571,0.9563939223284523,23.934801543339102,41200.0,Max Min Vol
2023-12-25,51608.107078625835,1.0712037797583567,24.657263474941633,41400.0,Max Min Vol
2024-01-01,50916.13439248122,-1.3408216757308802,22.39455382807985,41600.0,Max Min Vol
2024-01-08,51987.60070049981,2.1043748132160167,24.37225047966462,41800.0,Max Min Vol
2024-01-15,52720.391550660446,1.4095492776868834,25.524741787286775,42000.0,Max Min Vol
2024-01-22,53488.224436325676,1.4564248539910756,26.749347005511083,42200.0,Max Min Vol
2024-01-29,54364.22363591067,1.6377421550566023,28.217508575261007,42400.0,Max Min Vol
2024-02-05,55389.06718869919,1.88514336128872,30.02128448051453,42600.0,Max Min Vol
2024-02-12,55491.15386016382,0.18430834214419436,29.652228645242563,42800.0,Max Min Vol
2024-02-19,56481.77675119239,1.7851906513332092,31.352969188819507,43000.0,Max Min Vol
2024-02-26,57331.76731553684,1.5048934598653656,32.71242434152046,43200.0,Max Min Vol
2024-03-04,57426.05790659809,0.1644648254820166,32.318105775571645,43400.0,Max Min Vol
2024-03-11,57463.54885783974,0.06528560832545197,31.79713040788932,43600.0,Max Min Vol
2024-03-18,58748.44748777756,2.2360238020045595,34.128875542871135,43800.0,Max Min Vol
2024-03-25,59474.20433880568,1.2353634556540605,35.16864622455836,44000.0,Max Min Vol
2024-04-01,59051.76795811357,-0.7102850477588973,33.60128497310762,44200.0,Max Min Vol
2024-04-08,58291.98971977677,-1.2866308065081464,31.288265134632372,44400.0,Max Min Vol
2024-04-15,56701.75228103462,-2.728054826034923,27.133973724292872,44600.0,Max Min Vol
2024-04-22,58416.234474710625,3.023684674114487,30.39338052390765,44800.0,Max Min Vol
2024-04-29,59022.26205496081,1.037430066658174,31.16058234435736,45000.0,Max Min Vol
2024-05-06,60274.51983946686,2.121670266280144,33.35070760943996,45200.0,Max Min Vol
2024-05-13,61467.22783845626,1.9787930325550762,35.39036968822965,45400.0,Max Min Vol
2024-05-20,61566.4644366911,0.16144635397524096,35.01417639625242,45600.0,Max Min Vol
2024-05-27,61430.264640850335,-0.22122400090201855,34.12721537303567,45800.0,Max Min Vol
2024-06-03,62222.302497072174,1.2893284130427536,35.26587499363516,46000.0,Max Min Vol
2024-06-10,63307.30484879113,1.7437515298795134,37.02879837400677,46200.0,Max Min Vol
2024-06-17,63891.858116603835,0.9233583220908002,37.69797007888758,46400.0,Max Min Vol
2024-06-24,63901.362846748205,0.014876277548578733,37.127388083150656,46600.0,Max Min Vol
2024-07-01,65433.1047336044,2.3970410310805152,39.814326353855556,46800.0,Max Min Vol
2024-07-08,66479.51510952023,1.5992063653039956,41.44577682876645,47000.0,Max Min Vol
2024-07-15,65574.89845795317,-1.360744960423932,38.92986961430756,47200.0,Max Min Vol
2024-07-22,65443.47143348928,-0.20042276473849446,38.066395429302275,47400.0,Max Min Vol
2024-07-29,63995.79571914775,-2.2121010432840733,34.44494898980619,47600.0,Max Min Vol
2024-08-05,64200.66231560327,0.32012508658319405,34.31100902845873,47800.0,Max Min Vol
2024-08-12,66903.54319055454,4.210051388043643,39.38238164698863,48000.0,Max Min Vol
2024-08-19,68186.06296905446,1.9169683956005854,41.46486093164825,48200.0,Max Min Vol
2024-08-26,68580.12059246349,0.5779152018028447,41.69446403401547,48400.0,Max Min Vol
2024-09-02,65838.65089882289,-3.9974699227079897,35.47047510045862,48600.0,Max Min Vol
2024-09-09,68702.4444151427,4.349714760590596,40.783697572013736,48800.0,Max Min Vol
2024-09-16,69953.22382955762,1.8205748355283249,42.76168128481147,49000.0,Max Min Vol
2024-09-23,70299.85440059211,0.49551765030738487,42.88588292803276,49200.0,Max Min Vol
2024-09-30,70891.75266675584,0.8419622931093041,43.50557219991061,49400.0,Max Min Vol
2024-10-07,71934.17045350262,1.4704359076110338,45.0285694627069,49600.0,Max Min Vol
2024-10-14,72833.13149058368,1.2496995953573033,46.251268053380876,49800.0,Max Min Vol
2024-10-21,72188.5474300249,-0.8850148927649893,44.37709486004981,50000.0,Max Min Vol
2024-10-28,71551.73325226431,-0.882154026409633,42.53333317184126,50200.0,Max Min Vol
2024-11-04,75422.74099929357,5.410082427188105,49.64829563351899,50400.0,Max Min Vol
2024-11-11,73995.88379830211,-1.8918129758832665,46.23692450257334,50600.0,Max Min Vol
2024-11-18,75776.1773907378,2.4059359805586054,49.16570352507439,50800.0,Max Min Vol
2024-11-25,76832.29964685312,1.393739157188493,50.65156793500611,51000.0,Max Min Vol
2024-12-02,77695.92965043121,1.1240454959016186,51.74986259849845,51200.0,Max Min Vol
2024-12-09,77248.56600967784,-0.5757877443080189,50.28903892933433,51400.0,Max Min Vol
2024-12-16,75735.83126151653,-1.9582690350158634,46.774866785884754,51600.0,Max Min Vol
2024-12-23,76139.83347398479,0.5334360311874505,46.98809550962315,51800.0,Max Min Vol
2024-12-30,76322.56854355293,0.23999930290177782,46.77417027606332,52000.0,Max Min Vol
2025-01-06,75022.47046189458,-1.703425482747551,43.721207781407244,52200.0,Max Min Vol
2020-01-13,200.0,0.0,0.0,200.0,Max High Vol
2020-01-20,397.4865159988088,98.74325799940439,-0.628371000297804,400.0,Max High Vol
2020-01-27,632.0498541297451,59.011646606809485,5.341642354957514,600.0,Max High Vol
2020-02-03,884.2885586087963,39.908039347046895,10.536069826099535,800.0,Max High Vol
2020-02-10,1068.359118071929,20.815666749406,6.835911807192906,1000.0,Max High Vol
2020-02-17,1267.2925295999419,18.620462741688257,5.607710799995156,1200.0,Max High Vol
2020-02-24,1293.3666214014893,2.0574643338092167,-7.616669899893623,1400.0,Max High Vol
2020-03-02,1424.7384622776808,10.157355130584495,-10.95384610764495,1600.0,Max High Vol
2020-03-09,1147.5244678131962,-19.457184725771494,-36.248640677044655,1800.0,Max High Vol
2020-03-16,1440.7213236454506,25.550379452125416,-27.963933817727465,2000.0,Max High Vol
2020-03-23,1663.403188388037,15.456276039500514,-24.390764164180133,2200.0,Max High Vol
2020-03-30,2107.515083431317,26.698992652145748,-12.186871523695118,2400.0,Max High Vol
2020-04-06,2363.363449050062,12.139811839552273,-9.10140580576684,2600.0,Max High Vol
2020-04-13,2637.383454154074,11.594492807026885,-5.807733780211639,2800.0,Max High Vol
2020-04-20,3017.2983514908174,14.404992824928403,0.5766117163605788,3000.0,Max High Vol
2020-04-27,3695.6747475414672,22.48290745644927,15.48983586067085,3200.0,Max High Vol
2020-05-04,3837.092817412092,3.8265832231232566,12.85567110035564,3400.0,Max High Vol
2020-05-11,4437.745443187424,15.653846658326062,23.27070675520622,3600.0,Max High Vol
2020-05-18,4233.757422680425,-4.596658891738583,11.414669017905933,3800.0,Max High Vol
2020-05-25,4756.7860526551085,12.353769424124199,18.91965131637771,4000.0,Max High Vol
2020-06-01,5106.509476476139,7.3520948798154215,21.583558963717593,4200.0,Max High Vol
2020-06-08,5111.819511837606,0.10398561651415127,16.17771617812741,4400.0,Max High Vol
2020-06-15,5266.5335501847,3.0265943073462953,14.489859786623919,4600.0,Max High Vol
2020-06-22,5375.934784917173,2.077291138278909,11.998641352441098,4800.0,Max High Vol
2020-06-29,5534.990414629353,2.9586599554449546,10.699808292587058,5000.0,Max High Vol
2020-07-06,5858.548006494451,5.845675739743177,12.664384740277908,5200.0,Max High Vol
2020-07-13,6001.27764955514,2.436263096290523,11.134771288058145,5400.0,Max High Vol
2020-07-20,6671.243092264238,11.163713492888654,19.129340933289964,5600.0,Max High Vol
2020-07-27,7644.735441628306,14.592368107420626,31.8057834763501,5800.0,Max High Vol
2020-08-03,8275.000233369303,8.24442907872234,37.91667055615505,6000.0,Max High Vol
2020-08-10,8628.841318768984,4.276025080613308,39.1748599801449,6200.0,Max High Vol
2020-08-17,8663.447466204003,0.40105207821756567,35.366366659437546,6400.0,Max High Vol
2020-08-24,8898.100374116122,2.7085396296046946,34.81970263812306,6600.0,Max High Vol
2020-08-31,8010.746216815556,-9.972399950463693,17.805091423758178,6800.0,Max High Vol
2020-09-07,8244.568095850633,2.9188526599963343,17.77954422643761,7000.0,Max High Vol
2020-09-14,8935.321266042652,8.37828206597827,24.101684250592395,7200.0,Max High Vol
2020-09-21,9002.167246210101,0.7481094207713276,21.650908732568936,7400.0,Max High Vol
2020-09-28,9113.871750965583,1.24086235792286,19.919365144283994,7600.0,Max High Vol
2020-10-05,9924.27613960005,8.891988068063462,27.234309482051916,7800.0,Max High Vol
2020-10-12,10210.735338329363,2.8864492956446264,27.634191729117035,8000.0,Max High Vol
2020-10-19,11787.015851513283,15.437482815432798,43.74409575016198,8200.0,Max High Vol
2020-10-26,12625.551841510092,7.114065176124742,50.30418858940586,8400.0,Max High Vol
2020-11-02,14427.016407944115,14.268402593787584,67.75600474353621,8600.0,Max High Vol
2020-11-09,15070.669354237312,4.461441840038218,71.25760629815127,8800.0,Max High Vol
2020-11-16,17551.176739461152,16.459171964557857,95.01307488290169,9000.0,Max High Vol
2020-11-23,17567.240447687916,0.09152496419597432,90.94826573573822,9200.0,Max High Vol
2020-11-30,18895.677946005428,7.562015800224055,101.01785048941944,9400.0,Max High Vol
2020-12-07,18897.64986175299,0.010435803114329406,96.85051939326031,9600.0,Max High Vol
2020-12-14,23377.140666364223,23.703957039003495,138.5422516975941,9800.0,Max High Vol
2020-12-21,26360.217182628803,12.760656056438613,163.60217182628801,10000.0,Max High Vol
2020-12-28,33091.73100668191,25.536640223469515,224.4287353596266,10200.0,Max High Vol
2021-01-04,38918.813187633365,17.60887691180266,274.2193575733977,10400.0,Max High Vol
2021-01-11,36516.039382662995,-6.17381057686996,244.49093757229238,10600.0,Max High Vol
2021-01-18,33143.228610091726,-9.236518608238233,206.8817463897382,10800.0,Max High Vol
2021-01-25,34190.024590715235,3.1584007488780723,210.81840537013852,11000.0,Max High Vol
2021-02-01,40367.1553805542,18.06705570933239,260.42103018351963,11200.0,Max High Vol
2021-02-08,50750.24198937249,25.721620735802613,345.177561310285,11400.0,Max High Vol
2021-02-15,60141.06414497567,18.503994833304834,418.45744952565235,11600.0,Max High Vol
2021-02-22,47378.242488706484,-21.22147627036198,301.5105295653092,11800.0,Max High Vol
2021-03-01,53948.403336811694,13.867464268374526,349.57002780676413,12000.0,Max High Vol
2021-03-08,62677.484805845444,16.180425979497823,413.74987545774957,12200.0,Max High Vol
2021-03-15,60997.345180441655,-2.680611116748412,391.9140740358198,12400.0,Max High Vol
2021-03-22,59529.69321609427,-2.4060915438299753,372.4578826674148,12600.0,Max High Vol
2021-03-29,62717.106179549315,5.35432452487981,389.977392027729,12800.0,Max High Vol
2021-04-05,64460.96068433018,2.7805085582049682,395.85354372561676,13000.0,Max High Vol
2021-04-12,60390.20540688839,-6.3150707563552535,357.5015561127908,13200.0,Max High Vol
2021-04-19,52842.79376550861,-12.497741298490238,294.34920720528817,13400.0,Max High Vol
2021-04-26,61267.03282949304,15.942077365112869,350.49288845215466,13600.0,Max High Vol
2021-05-03,63199.35228363877,3.1539302050474762,357.9663208959331,13800.0,Max High Vol
2021-05-10,50618.61622493612,-19.90643195556861,261.5615444638295,14000.0,Max High Vol
2021-05-17,38086.09712134064,-24.758715346749486,168.2119515587369,14200.0,Max High Vol
2021-05-24,39280.18224744966,3.1352257552269482,172.77904338506707,14400.0,Max High Vol
2021-05-31,39683.03407295065,1.0255854287110575,171.801603239388,14600.0,Max High Vol
2021-06-07,43463.21156255373,9.525928593700414,193.67034839563334,14800.0,Max High Vol
2021-06-14,39884.08128484594,-8.234850000802606,165.89387523230624,15000.0,Max High Vol
2021-06-21,38912.469780125684,-2.4360884679307406,156.0030906587216,15200.0,Max High Vol
2021-06-28,39829.11423982722,2.3556573635161726,158.63061194693,15400.0,Max High Vol
2021-07-05,38846.701243949814,-2.466570032067246,149.01731566634496,15600.0,Max High Vol
2021-07-12,36274.60385037102,-6.621147513727137,129.58610031880394,15800.0,Max High Vol
2021-07-19,40528.38594639687,11.726612132202067,153.30241216498044,16000.0,Max High Vol
2021-07-26,46030.533536180235,13.576034330754116,184.13909590234715,16200.0,Max High Vol
2021-08-02,50632.92110363774,9.998553598862813,208.73732380266912,16400.0,Max High Vol
2021-08-09,54588.80458604629,7.812868379273377,228.84822039786917,16600.0,Max High Vol
2021-08-16,57428.08719167354,5.201217771955051,241.83385233139015,16800.0,Max High Vol
2021-08-23,57055.43200988774,-0.64890752941503,235.6201882934573,17000.0,Max High Vol
2021-08-30,60671.49972910046,6.337814984182491,252.74127749477012,17200.0,Max High Vol
2021-09-06,54200.84045571266,-10.665072237013144,211.49908307880844,17400.0,Max High Vol
2021-09-13,55809.24359989343,2.9674874608171224,217.09797499939447,17600.0,Max High Vol
2021-09-20,51224.644953311246,-8.214765782260018,187.77890423208567,17800.0,Max High Vol
2021-09-27,57342.07282090678,11.942352891213345,218.5670712272599,18000.0,Max High Vol
2021-10-04,65360.142650236965,13.982874065910666,259.1216629133899,18200.0,Max High Vol
2021-10-11,73653.30073987306,12.688402676865982,300.28967793409265,18400.0,Max High Vol
2021-10-18,73108.0984788641,-0.7402278723861679,293.05429289711884,18600.0,Max High Vol
2021-10-25,73773.78706998577,0.9105538305227846,292.41376101056267,18800.0,Max High Vol
2021-11-01,76389.68057241246,3.545830580643916,302.0509503811182,19000.0,Max High Vol
2021-11-08,79170.92723782748,3.640866992209214,312.3485793636848,19200.0,Max High Vol
2021-11-15,71224.44989967729,-10.037115410154499,267.1363396890582,19400.0,Max High Vol
2021-11-22,69627.15432109422,-2.242622555643365,255.24058327088886,19600.0,Max High Vol
2021-11-29,60243.75580882367,-13.47663652746434,204.2613929738569,19800.0,Max High Vol
2021-12-06,61333.934858312976,1.809613353040038,206.6696742915649,20000.0,Max High Vol
2021-12-13,57382.040085000706,-6.443243503684395,184.06950537129063,20200.0,Max High Vol
2021-12-20,62622.17840894688,9.132018164889034,206.9714627889553,20400.0,Max High Vol
2021-12-27,58552.46998328607,-6.498829215240722,184.23529118100035,20600.0,Max High Vol
2022-01-03,52032.64239199923,-11.135017178861865,150.15693457691938,20800.0,Max High Vol
2022-01-10,53725.25218859835,3.2529768214488843,155.83453423142072,21000.0,Max High Vol
2022-01-17,45405.407861131476,-15.485910235024496,114.17645217514847,21200.0,Max High Vol
2022-01-24,47659.09070250686,4.963467894106529,122.70603132012552,21400.0,Max High Vol
2022-01-31,53508.699291720404,12.273856892754056,147.72545968389076,21600.0,Max High Vol
2022-02-07,53437.55283800864,-0.13296240546585894,145.12638916517724,21800.0,Max High Vol
2022-02-14,48868.24054740225,-8.550751387246091,122.12836612455568,22000.0,Max High Vol
2022-02-21,48150.68260501036,-1.4683523170756634,116.89496668923587,22200.0,Max High Vol
2022-02-28,49257.518245326646,2.2986914835577235,119.89963502377967,22400.0,Max High Vol
2022-03-07,48726.321612749955,-1.0784072188352474,115.6031929767697,22600.0,Max High Vol
2022-03-14,53300.993060075176,9.388501524252533,133.77628535120692,22800.0,Max High Vol
2022-03-21,60702.069537544914,13.885438249017307,163.92204146758658,23000.0,Max High Vol
2022-03-28,60426.35573685783,-0.45420823834770385,160.45842990024929,23200.0,Max High Vol
2022-04-04,55103.33666179338,-8.80910160831958,135.4843447085187,23400.0,Max High Vol
2022-04-11,52051.63127947439,-5.538149896528726,120.5577596587898,23600.0,Max High Vol
2022-04-18,51927.0566552536,-0.2393289531156744,118.18091031619159,23800.0,Max High Vol
2022-04-25,50811.162764281355,-2.148964264199912,111.71317818450564,24000.0,Max High Vol
2022-05-02,45186.52608118089,-11.069687007939141,86.72118215364004,24200.0,Max High Vol
2022-05-09,41732.584211657544,-7.6437428788353605,71.0351811953178,24400.0,Max High Vol
2022-05-16,40624.30059248042,-2.655679345319671,65.13943330276592,24600.0,Max High Vol
2022-05-23,39648.36929262081,-2.402333789446833,59.87245682508391,24800.0,Max High Vol
2022-05-30,40468.69910744396,2.0690127474569913,61.87479642977583,25000.0,Max High Vol
2022-06-06,36414.32451988627,-10.018544398458092,44.501287777326475,25200.0,Max High Vol
2022-06-13,28165.59912690277,-22.652419073375317,10.88818553898728,25400.0,Max High Vol
2022-06-20,29015.186912843867,3.016402321545512,13.340573878296356,25600.0,Max High Vol
2022-06-27,26827.68910973223,-7.539147721786065,3.983291122993138,25800.0,Max High Vol
2022-07-04,29201.162732913872,8.84710424917151,12.312164357361045,26000.0,Max High Vol
2022-07-11,29287.628553152812,0.29610403198596186,11.784841805926764,26200.0,Max High Vol
2022-07-18,32066.684863894774,9.488840333038151,21.46471539354081,26400.0,Max High Vol
2022-07-25,33298.83121716088,3.8424500645947006,25.1835760043642,26600.0,Max High Vol
2022-08-01,33269.09600194528,-0.08929807482332947,24.13841791770628,26800.0,Max High Vol
2022-08-08,35110.51412525996,5.534920826243682,30.038941204666507,27000.0,Max High Vol
2022-08-15,31289.42306244653,-10.883039334546158,15.034643611935774,27200.0,Max High Vol
2022-08-22,28703.54578620304,-8.264381452744175,4.757466373003802,27400.0,Max High Vol
2022-08-29,29444.78538259097,2.5823973174220876,6.684005009387571,27600.0,Max High Vol
2022-09-05,32270.85978698739,9.597877409109309,16.082229449594923,27800.0,Max High Vol
2022-09-12,28987.57798469198,-10.174137980728142,3.527064231042784,28000.0,Max High Vol
2022-09-19,28265.97016593101,-2.48936913301982,0.2339367586205976,28200.0,Max High Vol
2022-09-26,28829.79344459302,1.9947069757456501,1.5133571992711925,28400.0,Max High Vol
2022-10-03,29638.84037668635,2.8062876470072844,3.632309009392827,28600.0,Max High Vol
2022-10-10,29567.0395497516,-0.24225248364044039,2.6633317699708337,28800.0,Max High Vol
2022-10-17,30225.72550086778,2.2277710624623968,4.226639658164753,29000.0,Max High Vol
2022-10-24,32076.416332269677,6.122899618567518,9.850740863937249,29200.0,Max High Vol
2022-10-31,32728.57069696207,2.0331272606544557,11.321669037285952,29400.0,Max High Vol
2022-11-07,25776.308502739434,-21.242180902412457,-12.917876679934345,29600.0,Max High Vol
2022-11-14,25879.319362939772,0.39963387383181986,-13.156646433088012,29800.0,Max High Vol
2022-11-21,26322.031697111506,1.7106799756322657,-12.259894342961646,30000.0,Max High Vol
2022-11-28,27619.8499851135,4.930539948192565,-8.543543095650667,30200.0,Max High Vol
2022-12-05,27777.457268489572,0.5706304830077663,-8.626785301021144,30400.0,Max High Vol
2022-12-12,27415.196185562945,-1.3041549463117046,-10.407855602735474,30600.0,Max High Vol
2022-12-19,27752.63188357355,1.230834518661231,-9.8940523260599,30800.0,Max High Vol
2022-12-26,27595.20852553152,-0.5672375820154433,-10.983198304737028,31000.0,Max High Vol
2023-01-02,28568.80755241649,3.5281452067455055,-8.433309126870228,31200.0,Max High Vol
2023-01-09,35103.427454533245,22.873267951864605,11.794354950742818,31400.0,Max High Vol
2023-01-16,38396.07103666182,9.379835021504052,21.50655391348678,31600.0,Max High Vol
2023-01-23,40377.518755485595,5.160548111633145,26.973329419766024,31800.0,Max High Vol
2023-01-30,39186.73983164188,-2.9491136665794793,22.458561973880865,32000.0,Max High Vol
2023-02-06,37393.808564612686,-4.57535195510565,16.129840262772316,32200.0,Max High Vol
2023-02-13,41952.0987928979,12.189959790827285,29.481786397833027,32400.0,Max High Vol
2023-02-20,40830.41980716989,-2.673713635318524,25.24668652506102,32600.0,Max High Vol
2023-02-27,39079.638585017514,-4.287933433995548,19.14523958846803,32800.0,Max High Vol
2023-03-06,38806.609937852336,-0.6986468070097573,17.595787690461623,33000.0,Max High Vol
2023-03-13,49292.60274321463,27.02115135064698,48.47169500968262,33200.0,Max High Vol
2023-03-20,49414.64203121229,0.24758134325632947,47.94803003356972,33400.0,Max High Vol
2023-03-27,49976.46315518387,1.1369527348123114,48.73947367614247,33600.0,Max High Vol
2023-04-03,50413.488878125485,0.8744630879231907,49.15233395895114,33800.0,Max High Vol
2023-04-10,54140.638004702116,7.393158477063563,59.23717060206505,34000.0,Max High Vol
2023-04-17,49475.858770121515,-8.616040383889574,44.666253713805595,34200.0,Max High Vol
2023-04-24,52683.75012789087,6.483750737251678,53.150436418287406,34400.0,Max High Vol
2023-05-01,51418.86233417266,-2.4009069032627015,48.609428711481684,34600.0,Max High Vol
2023-05-08,48864.34187184878,-4.968061031226208,40.41477549381834,34800.0,Max High Vol
2023-05-15,48743.524138839006,-0.24725132557117152,39.2672118252543,35000.0,Max High Vol
2023-05-22,51370.00381818986,5.388366405083275,45.93751084713029,35200.0,Max High Vol
2023-05-29,49802.082174246534,-3.0522124341134194,40.68384794984897,35400.0,Max High Vol
2023-06-05,47837.12575650145,-3.945530652453708,34.373948754217565,35600.0,Max High Vol
2023-06-12,48767.48535771074,1.944848455036716,36.22202613885682,35800.0,Max High Vol
2023-06-19,56641.133857839806,16.145282953130867,57.33648293844391,36000.0,Max High Vol
2023-06-26,57102.23797463907,0.8140799546078366,57.74098888021844,36200.0,Max High Vol
2023-07-03,56463.935611141744,-1.1178237248438831,55.12070222841139,36400.0,Max High Vol
2023-07-10,56809.71858788508,0.6123961658016348,55.21781034941279,36600.0,Max High Vol
2023-07-17,56700.60147445297,-0.19207472971954098,54.07772139797002,36800.0,Max High Vol
2023-07-24,55375.43752847208,-2.3371250242873574,49.66334467154617,37000.0,Max High Vol
2023-07-31,55133.851442441075,-0.43626939454300634,48.20927807107816,37200.0,Max High Vol
2023-08-07,55791.48365919242,1.1927920860705714,49.175089997840686,37400.0,Max High Vol
2023-08-14,50097.89417086998,-10.20512292360295,33.239080241675474,37600.0,Max High Vol
2023-08-21,50106.814008508576,0.0178048155241305,32.55770901721846,37800.0,Max High Vol
2023-08-28,50076.10302180852,-0.06129103856980309,31.77921847844348,38000.0,Max High Vol
2023-09-04,50011.275952421296,-0.1294570972485475,30.919570556076692,38200.0,Max High Vol
2023-09-11,51570.27464609547,3.1172943780865445,34.29759022420696,38400.0,Max High Vol
2023-09-18,51231.21160270618,-0.6574776762701731,32.72334612100046,38600.0,Max High Vol
2023-09-25,54800.7125272008,6.967434134050557,41.238949812373185,38800.0,Max High Vol
2023-10-02,54905.42110863877,0.19107156934501943,40.78313104779173,39000.0,Max High Vol
2023-10-09,53581.326404842584,-2.411591928557045,36.687057155210674,39200.0,Max High Vol
2023-10-16,59372.80299989508,10.808759289186003,50.692393400748934,39400.0,Max High Vol
2023-10-23,68568.78955873838,15.488550471264684,73.15350898671309,39600.0,Max High Vol
2023-10-30,69783.0229555294,1.7708251882598416,75.33422853148092,39800.0,Max High Vol
2023-11-06,73975.2906572222,6.007575373116748,84.93822664305549,40000.0,Max High Vol
2023-11-13,74838.14689097628,1.16641141398454,86.16454450491611,40200.0,Max High Vol
2023-11-20,75223.45640897733,0.5148571069809802,86.19667427964687,40400.0,Max High Vol
2023-11-27,80439.68110026607,6.934306053325967,98.12729335040903,40600.0,Max High Vol
2023-12-04,88288.21437698427,9.757041760191957,116.39268229653005,40800.0,Max High Vol
2023-12-11,83617.94013097856,-5.289804849902132,103.94619544141112,41000.0,Max High Vol
2023-12-18,87156.32354747914,4.2316079670918505,111.54447462980374,41200.0,Max High Vol
2023-12-25,85834.84101757345,-1.5162210567381362,107.33053385887305,41400.0,Max High Vol
2024-01-01,89442.44808198053,4.202963530471828,115.00588481245319,41600.0,Max High Vol
2024-01-08,85272.76152475766,-4.661865419203473,104.0018218295638,41800.0,Max High Vol
2024-01-15,84961.72322840724,-0.36475691743619465,102.28981721049341,42000.0,Max High Vol
2024-01-22,86163.38878895865,1.414361096844642,104.1786464193333,42200.0,Max High Vol
2024-01-29,87486.63989871934,1.5357463632282975,106.33641485547014,42400.0,Max High Vol
2024-02-05,99418.34681567532,13.63831886876552,133.37640097576366,42600.0,Max High Vol
2024-02-12,107500.00091291349,8.128936314161205,151.16822643204085,42800.0,Max High Vol
2024-02-19,106897.07249339676,-0.5608636412990955,148.59784300789946,43000.0,Max High Vol
2024-02-26,130723.57191166216,22.289197320850125,202.6008609066254,43200.0,Max High Vol
2024-03-04,143035.03021597478,9.417932913149142,229.5738023409557,43400.0,Max High Vol
2024-03-11,141931.16502147235,-0.7717446508283029,225.53019500337697,43600.0,Max High Vol
2024-03-18,139731.17614399138,-1.5500393286760779,219.02095010043695,43800.0,Max High Vol
2024-03-25,148451.0205278537,6.240442988096376,237.38868301784927,44000.0,Max High Vol
2024-04-01,144549.01698320184,-2.628478760723451,227.03397507511733,44200.0,Max High Vol
2024-04-08,137197.09223728086,-5.086111894330876,209.0024599938758,44400.0,Max High Vol
2024-04-15,135702.27246860586,-1.0895418731540736,204.26518490718806,44600.0,Max High Vol
2024-04-22,132112.08107669844,-2.6456383718540923,194.89303811763043,44800.0,Max High Vol
2024-04-29,134233.48468664414,1.6057604971903423,198.29663263698697,45000.0,Max High Vol
2024-05-06,129019.0879034265,-3.8845723147172837,185.44045996333296,45200.0,Max High Vol
2024-05-13,139360.25874216913,8.015225504061242,206.96092233957958,45400.0,Max High Vol
2024-05-20,144269.62148761368,3.5227853261433593,216.3807488763458,45600.0,Max High Vol
2024-05-27,142855.71876919724,-0.9800418853513354,211.91204971440442,45800.0,Max High Vol
2024-06-03,147054.29946033604,2.939035781915166,219.6832596963827,46000.0,Max High Vol
2024-06-10,140901.2326863083,-4.184214128120319,204.98102313053744,46200.0,Max High Vol
2024-06-17,133789.12798511956,-5.047581604216754,188.33863789896458,46400.0,Max High Vol
2024-06-24,132925.0458153534,-0.6458538020086845,185.24687943208883,46600.0,Max High Vol
2024-07-01,118642.04860716089,-10.745151239618954,153.5086508700019,46800.0,Max High Vol
2024-07-08,129333.45206089906,9.011479133455273,175.177557576381,47000.0,Max High Vol
2024-07-15,145207.0706509907,12.273405168693136,207.64209883684472,47200.0,Max High Vol
2024-07-22,145622.989247792,0.2864313665558077,207.22149630335863,47400.0,Max High Vol
2024-07-29,124191.80029207825,-14.716899485730545,160.9071434707526,47600.0,Max High Vol
2024-08-05,125679.31616696117,1.197756914212162,162.9274396798351,47800.0,Max High Vol
2024-08-12,125375.22567729629,-0.24195746678070024,161.1983868277006,48000.0,Max High Vol
2024-08-19,138115.28139168283,10.161541600872741,186.54622695369883,48200.0,Max High Vol
2024-08-26,123269.95044134904,-10.748507189609047,154.68998025072113,48400.0,Max High Vol
2024-09-02,118128.64528003595,-4.170769228758048,143.06305613176121,48600.0,Max High Vol
2024-09-09,127679.73282416588,8.08532724766978,161.63879677083173,48800.0,Max High Vol
2024-09-16,137514.3121374702,7.702537509886559,180.64145334177593,49000.0,Max High Vol
2024-09-23,142006.38764071334,3.2666239851110905,188.63086918844175,49200.0,Max High Vol
2024-09-30,136113.02197994463,-4.150070823348702,175.53243315778266,49400.0,Max High Vol
2024-10-07,136383.2721061402,0.19854832569612357,174.96627440754077,49600.0,Max High Vol
2024-10-14,149929.07200652303,9.932156408331958,201.06239358739563,49800.0,Max High Vol
2024-10-21,147798.91395831914,-1.4207771846351498,195.5978279166383,50000.0,Max High Vol
2024-10-28,149765.25287299385,1.3304149956265816,198.33715711751762,50200.0,Max High Vol
2024-11-04,175527.91921045212,17.20203174183928,248.2696809731193,50400.0,Max High Vol
2024-11-11,196169.11586658485,11.759494870661927,287.6859997363337,50600.0,Max High Vol
2024-11-18,214203.03006794085,9.193044543067074,321.6595080077576,50800.0,Max High Vol
2024-11-25,212798.85101019926,-0.6555365053875376,317.25264903960635,51000.0,Max High Vol
2024-12-02,221653.06865344624,4.160839027661202,332.9161497137622,51200.0,Max High Vol
2024-12-09,228558.70939647558,3.1155177706230077,344.6667497985906,51400.0,Max High Vol
2024-12-16,208611.6364744912,-8.727330047783315,304.28611719862636,51600.0,Max High Vol
2024-12-23,205357.5253181051,-1.5598895686646073,296.44309906970096,51800.0,Max High Vol
2024-12-30,216063.01906774202,5.213100290848259,315.5058058995039,52000.0,Max High Vol
2025-01-06,208025.37625750317,-3.7200455889764323,298.5160464703126,52200.0,Max High Vol
2020-01-13,200.0,0.0,0.0,200.0,RICH AF KING PORTFOLIO
2020-01-20,396.30357006940926,98.15178503470463,-0.9241074826476847,400.0,RICH AF KING PORTFOLIO
2020-01-27,625.8258100745807,57.915763909210426,4.304301679096777,600.0,RICH AF KING PORTFOLIO
2020-02-03,853.2289464653993,36.33649055856591,6.653618308174913,800.0,RICH AF KING PORTFOLIO
2020-02-10,1034.9776853592114,21.30128609053027,3.4977685359211366,1000.0,RICH AF KING PORTFOLIO
2020-02-17,1238.1791817200694,19.633418114742504,3.1815984766724528,1200.0,RICH AF KING PORTFOLIO
2020-02-24,1291.589402259375,4.3136099627445255,-7.743614124330358,1400.0,RICH AF KING PORTFOLIO
2020-03-02,1462.6193433759427,13.241819793301596,-8.586291039003584,1600.0,RICH AF KING PORTFOLIO
2020-03-09,1286.6573484520027,-12.030607671152056,-28.519036197110964,1800.0,RICH AF KING PORTFOLIO
2020-03-16,1465.4433348132504,13.895384546347787,-26.72783325933748,2000.0,RICH AF KING PORTFOLIO
2020-03-23,1717.980459649547,17.23281404589272,-21.90997910683878,2200.0,RICH AF KING PORTFOLIO
2020-03-30,2089.3899126338974,21.618956775568616,-12.942086973587607,2400.0,RICH AF KING PORTFOLIO
2020-04-06,2439.0283787973676,16.733997998617397,-6.191216200101246,2600.0,RICH AF KING PORTFOLIO
2020-04-13,2687.1662363489077,10.173635522596562,-4.029777273253298,2800.0,RICH AF KING PORTFOLIO
2020-04-20,2966.5246240414563,10.396021798491967,-1.1158458652847913,3000.0,RICH AF KING PORTFOLIO
2020-04-27,3371.3415100049033,13.646166382126406,5.354422187653228,3200.0,RICH AF KING PORTFOLIO
2020-05-04,3567.900055000956,5.830276891639103,4.9382369117928215,3400.0,RICH AF KING PORTFOLIO
2020-05-11,3847.9678359314394,7.8496532025308765,6.887995442539982,3600.0,RICH AF KING PORTFOLIO
2020-05-18,3941.678706446503,2.435334038918231,3.728387011750077,3800.0,RICH AF KING PORTFOLIO
2020-05-25,4334.657583952604,9.969835361349858,8.366439598815099,4000.0,RICH AF KING PORTFOLIO
2020-06-01,4620.99159853673,6.605689354660144,10.023609488969756,4200.0,RICH AF KING PORTFOLIO
2020-06-08,4604.909891557694,-0.34801420076435335,4.657042989947596,4400.0,RICH AF KING PORTFOLIO
2020-06-15,4785.218394261079,3.915570704954495,4.026486831762589,4600.0,RICH AF KING PORTFOLIO
2020-06-22,4900.044479151016,2.399599671932389,2.0842599823128394,4800.0,RICH AF KING PORTFOLIO
2020-06-29,5105.316155523153,4.189179858377569,2.1063231104630544,5000.0,RICH AF KING PORTFOLIO
2020-07-06,5373.270730967044,5.248540291750717,3.332129441673924,5200.0,RICH AF KING PORTFOLIO
2020-07-13,5558.760266828855,3.4520787272601723,2.940004941275085,5400.0,RICH AF KING PORTFOLIO
2020-07-20,5963.6957737746325,7.284636996529162,6.494567388832722,5600.0,RICH AF KING PORTFOLIO
2020-07-27,6707.070345874932,12.464998220889994,15.639143894395383,5800.0,RICH AF KING PORTFOLIO
2020-08-03,7109.864899977809,6.0055215366961,18.49774833296348,6000.0,RICH AF KING PORTFOLIO
2020-08-10,7946.618246240139,11.76890641431094,28.171262036131278,6200.0,RICH AF KING PORTFOLIO
2020-08-17,8025.526063055229,0.9929735438395368,25.398844735237958,6400.0,RICH AF KING PORTFOLIO
2020-08-24,8288.935871208043,3.2821500557501952,25.589937442546105,6600.0,RICH AF KING PORTFOLIO
2020-08-31,7822.39492973693,-5.628478114925005,15.035219554954852,6800.0,RICH AF KING PORTFOLIO
2020-09-07,8010.850695675619,2.4091824515567772,14.440724223937416,7000.0,RICH AF KING PORTFOLIO
2020-09-14,8964.857123947342,11.908927834427253,24.511904499268642,7200.0,RICH AF KING PORTFOLIO
2020-09-21,8718.981577394254,-2.7426599571374575,17.82407537019262,7400.0,RICH AF KING PORTFOLIO
2020-09-28,8884.358951315204,1.8967510419992717,16.899459885726365,7600.0,RICH AF KING PORTFOLIO
2020-10-05,9929.380929619916,11.76249163311903,27.299755507947644,7800.0,RICH AF KING PORTFOLIO
2020-10-12,10171.705835397133,2.4404835255574504,27.146322942464167,8000.0,RICH AF KING PORTFOLIO
2020-10-19,11662.762196707205,14.65886239180506,42.22880727691713,8200.0,RICH AF KING PORTFOLIO
2020-10-26,11642.66923243504,-0.1722830658232651,38.603205148036196,8400.0,RICH AF KING PORTFOLIO
2020-11-02,13235.186349547947,13.678281889829435,53.89751569241798,8600.0,RICH AF KING PORTFOLIO
2020-11-09,13872.744421397645,4.817144655250544,57.64482297042779,8800.0,RICH AF KING PORTFOLIO
2020-11-16,16196.554505104896,16.750903881159605,79.96171672338774,9000.0,RICH AF KING PORTFOLIO
2020-11-23,17946.74747165933,10.805958551263497,95.07334208325359,9200.0,RICH AF KING PORTFOLIO
2020-11-30,20627.635950948126,14.93801862160444,119.44293564838433,9400.0,RICH AF KING PORTFOLIO
2020-12-07,19294.335664170998,-6.463660159349693,100.9826631684479,9600.0,RICH AF KING PORTFOLIO
2020-12-14,22160.24077811699,14.853608664370297,126.12490589915295,9800.0,RICH AF KING PORTFOLIO
2020-12-21,24496.13008629532,10.5409022021322,144.9613008629532,10000.0,RICH AF KING PORTFOLIO
2020-12-28,30274.828907433402,23.590252014423495,196.81204811209219,10200.0,RICH AF KING PORTFOLIO
2021-01-04,38344.28985530154,26.654026592655118,268.6950947625148,10400.0,RICH AF KING PORTFOLIO
2021-01-11,38892.18569902405,1.4288850981204322,266.90741225494384,10600.0,RICH AF KING PORTFOLIO
2021-01-18,37268.657556266546,-4.174432764775786,245.08016255802357,10800.0,RICH AF KING PORTFOLIO
2021-01-25,39336.82772424774,5.549355151466793,257.60752476588857,11000.0,RICH AF KING PORTFOLIO
2021-02-01,49323.93535297806,25.388696055361194,340.39227993730407,11200.0,RICH AF KING PORTFOLIO
2021-02-08,62869.86520506253,27.463197644602793,451.49004565844325,11400.0,RICH AF KING PORTFOLIO
2021-02-15,65106.320756354995,3.5572774714846616,461.2613858306465,11600.0,RICH AF KING PORTFOLIO
2021-02-22,51070.08030402751,-21.55895201766168,332.79729071209755,11800.0,RICH AF KING PORTFOLIO
2021-03-01,49705.51719991755,-2.671942350563231,314.2126433326462,12000.0,RICH AF KING PORTFOLIO
2021-03-08,60171.73644292098,21.056453755239847,393.2109544501719,12200.0,RICH AF KING PORTFOLIO
2021-03-15,59175.70057379437,-1.6553217972551777,377.22339172414814,12400.0,RICH AF KING PORTFOLIO
2021-03-22,52893.86101033095,-10.615572781651696,319.79254770103927,12600.0,RICH AF KING PORTFOLIO
2021-03-29,57536.51723132406,8.777306349571145,349.50404086971923,12800.0,RICH AF KING PORTFOLIO
2021-04-05,58785.26936150728,2.1703644750735283,352.19437970390214,13000.0,RICH AF KING PORTFOLIO
2021-04-12,56200.77503146566,-4.396499936315598,325.76344720807316,13200.0,RICH AF KING PORTFOLIO
2021-04-19,49505.90958194952,-11.912407695032359,269.4470864324591,13400.0,RICH AF KING PORTFOLIO
2021-04-26,55479.40402888732,12.06622501713576,307.93679433005383,13600.0,RICH AF KING PORTFOLIO
2021-05-03,55158.01046472756,-0.5793024813179656,299.69572800527214,13800.0,RICH AF KING PORTFOLIO
2021-05-10,45203.00166916712,-18.048165101833156,222.8785833511937,14000.0,RICH AF KING PORTFOLIO
2021-05-17,36335.326402329294,-19.61744782290962,155.88258029809361,14200.0,RICH AF KING PORTFOLIO
2021-05-24,37780.06919663379,3.976138203101103,162.3615916432902,14400.0,RICH AF KING PORTFOLIO
2021-05-31,38647.69363431458,2.296513627767769,164.71023037201766,14600.0,RICH AF KING PORTFOLIO
2021-06-07,41870.52343897906,8.338996461623227,182.9089421552639,14800.0,RICH AF KING PORTFOLIO
2021-06-14,45251.17472367734,8.07406023864294,201.67449815784892,15000.0,RICH AF KING PORTFOLIO
2021-06-21,41090.88308168893,-9.193776001159954,170.33475711637456,15200.0,RICH AF KING PORTFOLIO
2021-06-28,45014.46376170192,9.548543097048762,192.30171273832414,15400.0,RICH AF KING PORTFOLIO
2021-07-05,44348.80552087027,-1.4787652350042766,184.28721487737354,15600.0,RICH AF KING PORTFOLIO
2021-07-12,38977.058705111274,-12.112494919916358,146.69024496905868,15800.0,RICH AF KING PORTFOLIO
2021-07-19,41866.0868699356,7.412124621002947,161.6630429370975,16000.0,RICH AF KING PORTFOLIO
2021-07-26,48171.31873273557,15.060475755444466,197.3538193378739,16200.0,RICH AF KING PORTFOLIO
2021-08-02,55503.58235204927,15.221222528688935,238.436477756398,16400.0,RICH AF KING PORTFOLIO
2021-08-09,56746.129384731685,2.2386789825585693,241.84415292007037,16600.0,RICH AF KING PORTFOLIO
2021-08-16,57802.95590196583,1.862376392350916,244.06521370217757,16800.0,RICH AF KING PORTFOLIO
2021-08-23,57336.658237468175,-0.8067021092978404,237.274460220401,17000.0,RICH AF KING PORTFOLIO
2021-08-30,59450.81808076643,3.6872742644717,245.64429116724668,17200.0,RICH AF KING PORTFOLIO
2021-09-06,52363.08952420203,-11.922003406135518,200.9372961161036,17400.0,RICH AF KING PORTFOLIO
2021-09-13,53214.76124460997,1.6264733959486866,202.35659798073846,17600.0,RICH AF KING PORTFOLIO
2021-09-20,50408.54748790482,-5.273374701064516,183.19408701070122,17800.0,RICH AF KING PORTFOLIO
2021-09-27,54107.955241427335,7.3388501313396555,200.59975134126296,18000.0,RICH AF KING PORTFOLIO
2021-10-04,62219.05222918578,14.990581239980482,241.8629243361856,18200.0,RICH AF KING PORTFOLIO
2021-10-11,68175.49186523037,9.573337141337142,270.5189775284259,18400.0,RICH AF KING PORTFOLIO
2021-10-18,66693.0818260838,-2.174403144867677,258.564956054214,18600.0,RICH AF KING PORTFOLIO
2021-10-25,66980.792710037,0.43139539525773846,256.2808122874309,18800.0,RICH AF KING PORTFOLIO
2021-11-01,71858.71810346635,7.28257340062564,278.2037794919282,19000.0,RICH AF KING PORTFOLIO
2021-11-08,73949.58389032772,2.9096897941469213,285.15408276212355,19200.0,RICH AF KING PORTFOLIO
2021-11-15,66121.46537529555,-10.585750592784677,240.8322957489461,19400.0,RICH AF KING PORTFOLIO
2021-11-22,63073.60134538129,-4.609492564351133,221.80408849684335,19600.0,RICH AF KING PORTFOLIO
2021-11-29,57117.49112254569,-9.443111057224819,188.47217738659438,19800.0,RICH AF KING PORTFOLIO
2021-12-06,56472.674965179176,-1.1289294132038443,182.36337482589587,20000.0,RICH AF KING PORTFOLIO
2021-12-13,53340.02917550513,-5.547188603347767,164.05955037378777,20200.0,RICH AF KING PORTFOLIO
2021-12-20,57165.37498453019,7.171623015875185,180.22242639475584,20400.0,RICH AF KING PORTFOLIO
2021-12-27,52948.178270219396,-7.377187179218249,157.02999160300678,20600.0,RICH AF KING PORTFOLIO
2022-01-03,47112.78448718018,-11.020952889556398,126.50377157298163,20800.0,RICH AF KING PORTFOLIO
2022-01-10,48784.657094851886,3.5486601479193793,132.3078909278661,21000.0,RICH AF KING PORTFOLIO
2022-01-17,39297.763933860515,-19.446468881693743,85.36681100877601,21200.0,RICH AF KING PORTFOLIO
2022-01-24,38893.751792096526,-1.028079211946908,81.74650370138563,21400.0,RICH AF KING PORTFOLIO
2022-01-31,44260.29728262307,13.797963022988855,104.90878371584753,21600.0,RICH AF KING PORTFOLIO
2022-02-07,45190.54532306033,2.101766362971277,107.2960794635795,21800.0,RICH AF KING PORTFOLIO
2022-02-14,42329.95503667213,-6.330063658091036,92.40888653032786,22000.0,RICH AF KING PORTFOLIO
2022-02-21,42479.28618888439,0.3527789058195049,91.34813598596573,22200.0,RICH AF KING PORTFOLIO
2022-02-28,43376.27194833367,2.1115838798722426,93.64407119791817,22400.0,RICH AF KING PORTFOLIO
2022-03-07,42317.97907609695,-2.4397967476256945,87.24769502697765,22600.0,RICH AF KING PORTFOLIO
2022-03-14,47620.75634980686,12.530790433480687,108.86296644652134,22800.0,RICH AF KING PORTFOLIO
2022-03-21,52258.66433536292,9.73925729252905,127.2115840667953,23000.0,RICH AF KING PORTFOLIO
2022-03-28,53081.49364461676,1.5745318402580064,128.799541571624,23200.0,RICH AF KING PORTFOLIO
2022-04-04,48762.173509690125,-8.137148822233039,108.38535687901762,23400.0,RICH AF KING PORTFOLIO
2022-04-11,47146.789678988134,-3.3127806134010367,99.77453253808531,23600.0,RICH AF KING PORTFOLIO
2022-04-18,45298.525781561664,-3.9202327666653076,90.32994025866246,23800.0,RICH AF KING PORTFOLIO
2022-04-25,42245.279862857424,-6.7402765675589285,76.0219994285726,24000.0,RICH AF KING PORTFOLIO
2022-05-02,36683.473590917856,-13.16550935393276,51.58460161536305,24200.0,RICH AF KING PORTFOLIO
2022-05-09,30762.494173553103,-16.14072724789802,26.07579579325042,24400.0,RICH AF KING PORTFOLIO
2022-05-16,30220.30818665913,-1.7624903359107202,22.84678124658183,24600.0,RICH AF KING PORTFOLIO
2022-05-23,30645.51988101793,1.407039569988608,23.57064468152392,24800.0,RICH AF KING PORTFOLIO
2022-05-30,31541.897288747412,2.924986788312582,26.167589154989646,25000.0,RICH AF KING PORTFOLIO
2022-06-06,28427.323095598054,-9.874403447063674,12.80683768094466,25200.0,RICH AF KING PORTFOLIO
2022-06-13,22605.7880674626,-20.478660648272275,-11.000834380068508,25400.0,RICH AF KING PORTFOLIO
2022-06-20,25054.865459243265,10.83385097866028,-2.1294317998309964,25600.0,RICH AF KING PORTFOLIO
2022-06-27,22075.801832777815,-11.890160141995137,-14.43487661714025,25800.0,RICH AF KING PORTFOLIO
2022-07-04,26193.76313574522,18.653733776741543,0.7452428297893046,26000.0,RICH AF KING PORTFOLIO
2022-07-11,25954.538648656002,-0.9132879680154108,-0.9368753868091532,26200.0,RICH AF KING PORTFOLIO
2022-07-18,31035.292353659002,19.57558858502806,17.557925582041676,26400.0,RICH AF KING PORTFOLIO
2022-07-25,31971.670204223657,3.0171388105330927,20.194248888058862,26600.0,RICH AF KING PORTFOLIO
2022-08-01,33829.204858209385,5.8099393685736676,26.22837633660218,26800.0,RICH AF KING PORTFOLIO
2022-08-08,36665.009905130486,8.382712685110398,35.79633298196476,27000.0,RICH AF KING PORTFOLIO
2022-08-15,31071.941572670683,-15.254511990946368,14.235079311289276,27200.0,RICH AF KING PORTFOLIO
2022-08-22,28036.457846252262,-9.76921161916795,2.3228388549352634,27400.0,RICH AF KING PORTFOLIO
2022-08-29,26797.04099923386,-4.420732653943582,-2.9092717419063012,27600.0,RICH AF KING PORTFOLIO
2022-09-05,30741.50947455642,14.719791171851151,10.580969332936762,27800.0,RICH AF KING PORTFOLIO
2022-09-12,26098.230403542955,-15.104265048717046,-6.7920342730608745,28000.0,RICH AF KING PORTFOLIO
2022-09-19,25000.02141865266,-4.207982563987202,-11.347441777827443,28200.0,RICH AF KING PORTFOLIO
2022-09-26,26563.144615848323,6.252487431988387,-6.467800648421397,28400.0,RICH AF KING PORTFOLIO
2022-10-03,27527.820807996643,3.6316340030493466,-3.7488782937180334,28600.0,RICH AF KING PORTFOLIO
2022-10-10,26957.942016204986,-2.0701921730982433,-6.396034665954908,28800.0,RICH AF KING PORTFOLIO
2022-10-17,28743.10033546875,6.622012608346239,-0.8858609121767271,29000.0,RICH AF KING PORTFOLIO
2022-10-24,32544.065095879236,13.223920579368146,11.452277725613822,29200.0,RICH AF KING PORTFOLIO
2022-10-31,32799.77131006193,0.7857230294658901,11.563847993407924,29400.0,RICH AF KING PORTFOLIO
2022-11-07,23378.513212739716,-28.723548125569003,-21.018536443446905,29600.0,RICH AF KING PORTFOLIO
2022-11-14,23227.00875682658,-0.6480500044398675,-22.057017594541676,29800.0,RICH AF KING PORTFOLIO
2022-11-21,24327.233216017332,4.7368323261487015,-18.90922261327556,30000.0,RICH AF KING PORTFOLIO
2022-11-28,26536.903930370827,9.083115596140305,-12.129457184202561,30200.0,RICH AF KING PORTFOLIO
2022-12-05,26488.769881428394,-0.18138532312861347,-12.865888547932913,30400.0,RICH AF KING PORTFOLIO
2022-12-12,24578.850661145636,-7.21029790674359,-19.676958623707073,30600.0,RICH AF KING PORTFOLIO
2022-12-19,24154.311204293124,-1.7272551215082879,-21.576911674372973,30800.0,RICH AF KING PORTFOLIO
2022-12-26,22842.43569588582,-5.431227151590794,-26.31472356165865,31000.0,RICH AF KING PORTFOLIO
2023-01-02,24635.468638663973,7.849569838566296,-21.04016461966675,31200.0,RICH AF KING PORTFOLIO
2023-01-09,31649.037408473632,28.469394565534103,0.7931127658395931,31400.0,RICH AF KING PORTFOLIO
2023-01-16,34893.65040167114,10.251853638773872,10.422944309085889,31600.0,RICH AF KING PORTFOLIO
2023-01-23,37182.97712923278,6.560869101422523,16.927601035323203,31800.0,RICH AF KING PORTFOLIO
2023-01-30,38424.10739648988,3.3378991223415055,20.07533561403088,32000.0,RICH AF KING PORTFOLIO
2023-02-06,34890.58523317624,-9.196107347015257,8.355854761416905,32200.0,RICH AF KING PORTFOLIO
2023-02-13,40641.9450109253,16.483987698435882,25.438101885571918,32400.0,RICH AF KING PORTFOLIO
2023-02-20,37622.966971122834,-7.428232184731587,15.407874144548572,32600.0,RICH AF KING PORTFOLIO
2023-02-27,36249.542934386394,-3.650493693893411,10.516899190202423,32800.0,RICH AF KING PORTFOLIO
2023-03-06,32497.65138727911,-10.35017614952665,-1.522268523396633,33000.0,RICH AF KING PORTFOLIO
2023-03-13,42999.68828503268,32.31629502267505,29.51713338865265,33200.0,RICH AF KING PORTFOLIO
2023-03-20,42407.12544612433,-1.378063103575124,26.967441455462065,33400.0,RICH AF KING PORTFOLIO
2023-03-27,45246.43834175487,6.6953675019489625,34.66201887427044,33600.0,RICH AF KING PORTFOLIO
2023-04-03,45411.101849073515,0.36392589859761687,34.35237233453703,33800.0,RICH AF KING PORTFOLIO
2023-04-10,50414.73207504618,11.01851754798315,48.27862375013582,34000.0,RICH AF KING PORTFOLIO
2023-04-17,45193.557624755806,-10.356445894660826,32.14490533554329,34200.0,RICH AF KING PORTFOLIO
2023-04-24,49523.51764118801,9.580923131531405,43.963714073220956,34400.0,RICH AF KING PORTFOLIO
2023-05-01,48873.8875268197,-1.3117608467860942,41.25401019312052,34600.0,RICH AF KING PORTFOLIO
2023-05-08,43746.077619960204,-10.491921486797208,25.707119597586793,34800.0,RICH AF KING PORTFOLIO
2023-05-15,45017.19664347585,2.905675417481698,28.62056183850243,35000.0,RICH AF KING PORTFOLIO
2023-05-22,46202.69867965038,2.6334426054189586,31.257666703552207,35200.0,RICH AF KING PORTFOLIO
2023-05-29,46744.32955046645,1.1722927151323077,32.04612867363404,35400.0,RICH AF KING PORTFOLIO
2023-06-05,44430.358206268116,-4.950271757989612,24.804376983899203,35600.0,RICH AF KING PORTFOLIO
2023-06-12,45799.06806950526,3.0805735503704486,27.930357736048204,35800.0,RICH AF KING PORTFOLIO
2023-06-19,52443.19012802645,14.507111909871151,45.67552813340681,36000.0,RICH AF KING PORTFOLIO
2023-06-26,53749.32005041267,2.4905615375373715,48.47878466964827,36200.0,RICH AF KING PORTFOLIO
2023-07-03,56350.08368948067,4.838691236705292,54.807922223847996,36400.0,RICH AF KING PORTFOLIO
2023-07-10,62392.232976802596,10.722520521207073,70.47058190383223,36600.0,RICH AF KING PORTFOLIO
2023-07-17,60792.59798810928,-2.5638367347552062,65.1972771416013,36800.0,RICH AF KING PORTFOLIO
2023-07-24,60078.445976755844,-1.1747351404411432,62.374178315556335,37000.0,RICH AF KING PORTFOLIO
2023-07-31,55761.84391027839,-7.184942946339748,49.897429866339756,37200.0,RICH AF KING PORTFOLIO
2023-08-07,56739.64543972688,1.75353155649191,51.71028192440343,37400.0,RICH AF KING PORTFOLIO
2023-08-14,49813.1075905923,-12.20758042362544,32.481669123915694,37600.0,RICH AF KING PORTFOLIO
2023-08-21,50477.47780959016,1.3337257021951598,33.538301083571845,37800.0,RICH AF KING PORTFOLIO
2023-08-28,51729.4879810479,2.4803342516053344,36.130231529073434,38000.0,RICH AF KING PORTFOLIO
2023-09-04,52161.58672930456,0.8353045141582762,36.54865635943602,38200.0,RICH AF KING PORTFOLIO
2023-09-11,51859.66411038791,-0.5788217687538826,35.051208620801845,38400.0,RICH AF KING PORTFOLIO
2023-09-18,50415.170767872914,-2.7853889285519884,30.60925069397128,38600.0,RICH AF KING PORTFOLIO
2023-09-25,52720.1493744886,4.5719940476419785,35.876673645589186,38800.0,RICH AF KING PORTFOLIO
2023-10-02,53825.04298496294,2.0957710165536847,38.01293073067421,39000.0,RICH AF KING PORTFOLIO
2023-10-09,51527.96416400135,-4.267676705067055,31.448888173472834,39200.0,RICH AF KING PORTFOLIO
2023-10-16,56841.80437158301,10.312536685262712,44.26853901417008,39400.0,RICH AF KING PORTFOLIO
2023-10-23,66121.35330289594,16.325218796101513,66.97311440125236,39600.0,RICH AF KING PORTFOLIO
2023-10-30,70522.01578926074,6.655433179363052,77.19099444537873,39800.0,RICH AF KING PORTFOLIO
2023-11-06,77053.1475676559,9.26112463647096,92.63286891913977,40000.0,RICH AF KING PORTFOLIO
2023-11-13,75777.93954223939,-1.6549720104514005,88.50233716974971,40200.0,RICH AF KING PORTFOLIO
2023-11-20,78754.49722788682,3.92800029088713,94.93687432645254,40400.0,RICH AF KING PORTFOLIO
2023-11-27,82050.99871660554,4.185794595551591,102.09605595223039,40600.0,RICH AF KING PORTFOLIO
2023-12-04,91759.98197849447,11.832864210980071,124.90191661395704,40800.0,RICH AF KING PORTFOLIO
2023-12-11,87222.65845987867,-4.944773768241582,112.73819136555774,41000.0,RICH AF KING PORTFOLIO
2023-12-18,92979.49261257605,6.600159011829998,125.67838012761179,41200.0,RICH AF KING PORTFOLIO
2023-12-25,93406.39420872321,0.459135218048521,125.6193096829063,41400.0,RICH AF KING PORTFOLIO
2024-01-01,95267.03483956066,1.9919842175683489,129.0072952874054,41600.0,RICH AF KING PORTFOLIO
2024-01-08,81624.48934133018,-14.320321317028403,95.27389794576597,41800.0,RICH AF KING PORTFOLIO
2024-01-15,81205.20838855818,-0.5136705370598793,93.34573425847185,42000.0,RICH AF KING PORTFOLIO
2024-01-22,82992.90101159463,2.2014506932640714,96.66564220757022,42200.0,RICH AF KING PORTFOLIO
2024-01-29,84206.50185305304,1.4622947585467088,98.60024021946471,42400.0,RICH AF KING PORTFOLIO
2024-02-05,102103.04690699765,21.25316295073686,139.67851386619168,42600.0,RICH AF KING PORTFOLIO
2024-02-12,110559.76755421824,8.282535050029937,158.31721391172488,42800.0,RICH AF KING PORTFOLIO
2024-02-19,109374.06579461451,-1.0724531950759282,154.35829254561511,43000.0,RICH AF KING PORTFOLIO
2024-02-26,153273.7493520686,40.13719636233518,254.80034572238105,43200.0,RICH AF KING PORTFOLIO
2024-03-04,187726.07408049455,22.477642045076628,332.54855778915794,43400.0,RICH AF KING PORTFOLIO
2024-03-11,216356.63396267273,15.251243079798153,396.2308118409925,43600.0,RICH AF KING PORTFOLIO
2024-03-18,194200.07785003984,-10.240756526308076,343.37917317360694,43800.0,RICH AF KING PORTFOLIO
2024-03-25,213482.16539000225,9.92898033483381,385.18673952273235,44000.0,RICH AF KING PORTFOLIO
2024-04-01,189935.82970602537,-11.029650013602307,329.7190717330891,44200.0,RICH AF KING PORTFOLIO
2024-04-08,189677.9319873213,-0.1357815000483247,327.2025495209939,44400.0,RICH AF KING PORTFOLIO
2024-04-15,164032.81391698786,-13.520348836388434,267.7865782892104,44600.0,RICH AF KING PORTFOLIO
2024-04-22,171207.06888901594,4.3736706093810955,282.158635912982,44800.0,RICH AF KING PORTFOLIO
2024-04-29,167499.6188729375,-2.165477185104873,272.2213752731945,45000.0,RICH AF KING PORTFOLIO
2024-05-06,161501.61529102275,-3.5809058087856,257.3044586084574,45200.0,RICH AF KING PORTFOLIO
2024-05-13,199967.7976131614,23.81783132807889,340.4577039937476,45400.0,RICH AF KING PORTFOLIO
2024-05-20,210773.0693487781,5.403505896744207,362.2216433087239,45600.0,RICH AF KING PORTFOLIO
2024-05-27,196971.6131442904,-6.548016901366872,330.0690243325118,45800.0,RICH AF KING PORTFOLIO
2024-06-03,205076.30773174047,4.11465106980315,345.8180602863923,46000.0,RICH AF KING PORTFOLIO
2024-06-10,193803.98991788167,-5.496645584532404,319.48915566641057,46200.0,RICH AF KING PORTFOLIO
2024-06-17,189376.3185848879,-2.284613095359834,308.1386176398446,46400.0,RICH AF KING PORTFOLIO
2024-06-24,180271.04760898452,-4.808030404193299,286.8477416501814,46600.0,RICH AF KING PORTFOLIO
2024-07-01,165317.77618564747,-8.294882412716282,253.24311150779374,46800.0,RICH AF KING PORTFOLIO
2024-07-08,180277.15038872327,9.048860048950102,283.5684050823899,47000.0,RICH AF KING PORTFOLIO
2024-07-15,219910.75369138157,21.984817941263326,365.9126137529271,47200.0,RICH AF KING PORTFOLIO
2024-07-22,218082.60515937128,-0.8313138404208658,360.08988430247103,47400.0,RICH AF KING PORTFOLIO
2024-07-29,182210.6853531497,-16.448776269894136,282.79555746460017,47600.0,RICH AF KING PORTFOLIO
2024-08-05,175232.82543506057,-3.829555826852335,266.5958691110054,47800.0,RICH AF KING PORTFOLIO
2024-08-12,173246.25780585103,-1.1336732283334356,260.92970376218966,48000.0,RICH AF KING PORTFOLIO
2024-08-19,193818.66415623593,11.874661312130295,302.11341111252267,48200.0,RICH AF KING PORTFOLIO
2024-08-26,171866.6671288982,-11.326049079381937,255.0964196878062,48400.0,RICH AF KING PORTFOLIO
2024-09-02,154312.20736839264,-10.213999057385513,217.51482997611652,48600.0,RICH AF KING PORTFOLIO
2024-09-09,181828.91286023462,17.83183972357468,272.6002312709726,48800.0,RICH AF KING PORTFOLIO
2024-09-16,189606.8122031404,4.277592171980031,286.95267796559267,49000.0,RICH AF KING PORTFOLIO
2024-09-23,218196.20895423816,15.078254003061728,343.4882295817849,49200.0,RICH AF KING PORTFOLIO
2024-09-30,215591.75167066336,-1.1936308591507307,336.4205499406141,49400.0,RICH AF KING PORTFOLIO
2024-10-07,245984.21580556242,14.097229555111365,395.93591896282743,49600.0,RICH AF KING PORTFOLIO
2024-10-14,255591.87517725764,3.905803199701874,413.23669714308767,49800.0,RICH AF KING PORTFOLIO
2024-10-21,270090.4876512281,5.672563912258713,440.1809753024562,50000.0,RICH AF KING PORTFOLIO
2024-10-28,267297.3984649987,-1.0341308983218067,432.46493718127226,50200.0,RICH AF KING PORTFOLIO
2024-11-04,314379.1470800814,17.613994331953002,523.7681489684155,50400.0,RICH AF KING PORTFOLIO
2024-11-11,383653.3043165541,22.03522653454702,658.2081112975377,50600.0,RICH AF KING PORTFOLIO
2024-11-18,460865.822320466,20.125597026059623,807.2161856702087,50800.0,RICH AF KING PORTFOLIO
2024-11-25,431409.4828428847,-6.391521794623037,745.9009467507544,51000.0,RICH AF KING PORTFOLIO
2024-12-02,442261.1551192067,2.515399569989065,763.7913185922006,51200.0,RICH AF KING PORTFOLIO
2024-12-09,457275.4524706628,3.3948939846207358,789.64095811413,51400.0,RICH AF KING PORTFOLIO
2024-12-16,410078.31411703175,-10.32138027497968,694.7254149554878,51600.0,RICH AF KING PORTFOLIO
2024-12-23,379837.8517811296,-7.374313952937257,633.2777061411768,51800.0,RICH AF KING PORTFOLIO
2024-12-30,393403.804158694,3.5715114525714435,656.5457772282576,52000.0,RICH AF KING PORTFOLIO
2025-01-06,379612.980087116,-3.50551365436592,627.2279312013717,52200.0,RICH AF KING PORTFOLIO
